Job ID,Job URL,Job Title,Company Name,Status,Timestamp,WP ID
e057a15f78eab7b7,https://nr.linkedin.com/jobs/view/podiatrist-naoero-medical-centre-at-global-mission-support-services-4436924961,Podiatrist- Naoero Medical Centre,,scraped,2026-07-07T01:59:33.229436,
b56a33404b5ac763,https://nr.linkedin.com/jobs/view/director-of-nursing-naoero-medical-centre-at-global-mission-support-services-4438000808,Director of Nursing- Naoero Medical Centre,,scraped,2026-07-20T17:08:44.961027,
ddcf0d2d86c518fb,https://nr.linkedin.com/jobs/view/podiatrist-at-global-mission-support-services-4449233886,Podiatrist,,scraped,2026-08-10T15:32:16.735788,
617089759de0b3c1,https://nr.linkedin.com/jobs/view/international-conference-on-microbiology-and-immunology-icmi-at-all-conference-series-4451157429,International Conference on Microbiology and Immunology (ICMI),All Conference Series,posted,2026-08-10T15:34:51.758161,29
5b570cf918459732,https://nr.linkedin.com/jobs/view/consultant-at-pacific-community-spc-4450957157,Consultant,,scraped,2026-08-10T15:34:54.207542,
129b08a522cb4392,https://nr.linkedin.com/jobs/view/freelance-at-firstsource-4452384111,Freelance,,scraped,2026-08-17T12:39:59.234175,
255288886554e4be,https://nr.linkedin.com/jobs/view/blender-specialist-at-sme-careers-4454092661,Blender Specialist,SME Careers,posted,2026-08-17T12:40:14.496979,31
146f5a2327b7e2f3,https://nr.linkedin.com/jobs/view/ports-and-shipping-specialist-at-ntu-international-a-s-4455592462,Ports and Shipping Specialist,,scraped,2026-08-24T12:45:52.353953,
d9a456a93db436a9,https://nr.linkedin.com/jobs/view/railways-specialist-at-ntu-international-a-s-4457092605,Railways Specialist,,scraped,2026-08-24T12:45:59.034479,
c85b6a4c340d475b,https://nr.linkedin.com/jobs/view/transport-experts-at-ntu-international-a-s-4461068605,Transport Experts,,scraped,2026-08-31T18:47:31.779659,
4aaa812434c43da2,https://nr.linkedin.com/jobs/view/aviation-specialist-at-ntu-international-a-s-4458794245,Aviation Specialist,,scraped,2026-08-31T18:47:38.857567,
ace992a53bde63d8,https://nr.linkedin.com/jobs/view/urban-development-experts-at-ntu-international-a-s-4464327248,Urban Development Experts,,scraped,2026-09-07T17:16:48.347906,
5f4848425d789dd0,https://nr.linkedin.com/jobs/view/public-finance-management-expert-at-ntu-international-a-s-4467031735,Public Finance Management Expert,,scraped,2026-09-14T17:43:47.759163,
fcc94465550ae56d,https://nr.linkedin.com/jobs/view/renewable-energy-expert-at-ntu-international-a-s-4466322555,Renewable Energy Expert,,scraped,2026-09-14T17:43:55.110619,
faa2f514b82a80d1,https://nr.linkedin.com/jobs/view/forestry-climate-change-biodiversity-at-ntu-international-a-s-4466099394,"Forestry, Climate Change & Biodiversity",,scraped,2026-09-14T17:44:02.396821,
773eeff7128601a6,https://nr.linkedin.com/jobs/view/digitalization-expert-at-ntu-international-a-s-4466799327,Digitalization Expert,,scraped,2026-09-14T17:44:09.660559,
8a2fedc760f65dbb,https://nr.linkedin.com/jobs/view/trade-business-climate-at-ntu-international-a-s-4467062805,Trade & Business Climate,,scraped,2026-09-14T17:44:16.722399,
b8a238ee2b2dbb04,https://nr.linkedin.com/jobs/view/transport-expert-at-ntu-international-a-s-4466787108,Transport Expert,,scraped,2026-09-14T17:44:23.898438,
99e4c225df9c2819,https://nr.linkedin.com/jobs/view/water-sanitation-hygiene-wash-expert-at-ntu-international-a-s-4466794525,"Water, Sanitation & Hygiene (WASH) Expert",,scraped,2026-09-14T17:44:30.961717,
a02b02f6a078094f,https://nr.linkedin.com/jobs/view/gender-human-rights-civil-society-at-ntu-international-a-s-4466798210,"Gender, Human Rights & Civil Society",,scraped,2026-09-14T17:44:38.260133,
f0c31d67ecfec4df,https://nr.linkedin.com/jobs/view/rule-of-law-expert-at-ntu-international-a-s-4467088616,Rule of Law Expert,,scraped,2026-09-14T17:44:45.331925,
9b7cb2b0abf804b1,https://nr.linkedin.com/jobs/view/sustainable-infrastructure-development-expert-at-ntu-international-a-s-4467265771,Sustainable Infrastructure Development Expert,,scraped,2026-09-21T17:53:38.820142,
